Competency,Description,Weight (0-1),Rating (1-5),Weighted Score (=Weight*Rating),Notes,Example Evidence
Product Sense,User empathy; insight → roadmap,0.25,,=C2*D2,,
Execution,Prioritization; delivery; outcomes,0.2,,=C3*D3,,
Discovery & Research,Hypotheses; experiments; analytics,0.15,,=C4*D4,,
Technical Fluency / TPM,APIs; systems; constraints,0.15,,=C5*D5,,
Leadership/Influence,Cross-functional drive; buy-in,0.15,,=C6*D6,,
Communication,Narratives; crisp writing; docs,0.1,,=C7*D7,,
,TOTAL,,,=SUM(E2:E7),(Auto-sum),
