Competency,Description,Weight (0-1),Rating (1-5),Weighted Score (=Weight*Rating),Notes,Example Evidence
Problem Solving,Decomposes complex issues; trade-offs,0.2,,=C2*D2,,
System Design,Architecture; scalability; reliability,0.2,,=C3*D3,,
Technical Depth,Language/stack depth; debugging,0.2,,=C4*D4,,
Delivery & Quality,Testing; observability; speed,0.15,,=C5*D5,,
Leadership/Ownership,Mentors; drives outcomes,0.15,,=C6*D6,,
Communication,Clarity; async updates,0.1,,=C7*D7,,
,TOTAL,,,=SUM(E2:E7),(Auto-sum),
