Competency,Description,Weight (0-1),Rating (1-5),Weighted Score (=Weight*Rating),Notes,Example Evidence
Security Engineering,AppSec/SecEng/IAM depth,0.25,,=C2*D2,,
Threat Modeling,OWASP; secure SDLC,0.2,,=C3*D3,,
Risk & Compliance,GRC frameworks; audits,0.15,,=C4*D4,,
Incident Response,Detection; response; lessons,0.15,,=C5*D5,,
Leadership/Stakeholder Mgmt,Partnering with eng/product,0.15,,=C6*D6,,
Communication,Clarity with non-security teams,0.1,,=C7*D7,,
,TOTAL,,,=SUM(E2:E7),(Auto-sum),
