Competency,Description,Weight (0-1),Rating (1-5),Weighted Score (=Weight*Rating),Notes,Example Evidence
Strategic Leadership,Vision; org design; capacity,0.25,,=C2*D2,,
People Leadership,Hiring; coaching; performance,0.2,,=C3*D3,,
Delivery at Scale,Roadmaps; cross-org execution,0.2,,=C4*D4,,
Product/Tech Judgment,Right level of depth,0.15,,=C5*D5,,
Operating Rhythm,Metrics; cadences; reviews,0.1,,=C6*D6,,
Exec Presence & Comms,Influence; clarity; board-ready,0.1,,=C7*D7,,
,TOTAL,,,=SUM(E2:E7),(Auto-sum),
